Date,Category,Amount,Payment_Method,Merchant,Notes
01-01-2025,Adulting Things,154.79,Cash,Gym,oops 😭
01-01-2025,Main Character Energy,271.68,Cash,Rent,felt cute might delete 🫶
01-01-2025,Productivity Era,125.58,Cash,Apple,treat yourself 💅
01-01-2025,Adulting Things,135.62,Online,Apple,treat yourself 💅
02-01-2025,Productivity Era,236.01,Cash,Starbucks,felt cute might delete 🫶
03-01-2025,Productivity Era,53.73,Cash,Starbucks,oops 😭
04-01-2025,Main Character Energy,240.49,Cash,Gym,oops 😭
04-01-2025,Main Character Energy,228.26,Online,Rent,treat yourself 💅
04-01-2025,Productivity Era,213.64,Online,Shein,oops 😭
04-01-2025,Productivity Era,46.04,Online,Starbucks,felt cute might delete 🫶
05-01-2025,Productivity Era,67.36,Online,Coursera,ugh adulting 😭
06-01-2025,Adulting Things,220,Online,Coursera,felt cute might delete 🫶
06-01-2025,Adulting Things,148.01,Online,Zara,felt cute might delete 🫶
06-01-2025,Productivity Era,28.88,Online,Amazon,oops 😭
06-01-2025,Adulting Things,89.44,Online,Starbucks,ugh adulting 😭
07-01-2025,Main Character Energy,41.86,Online,Amazon,oops 😭
07-01-2025,Main Character Energy,250.71,Online,Zara,treat yourself 💅
07-01-2025,Main Character Energy,161.71,Cash,Apple,oops 😭
07-01-2025,Main Character Energy,258.29,Cash,Walmart,treat yourself 💅
08-01-2025,Adulting Things,242.79,Online,Movie Ticket,ugh adulting 😭
08-01-2025,Productivity Era,119.07,Cash,McDonald's,treat yourself 💅
08-01-2025,Adulting Things,282.22,Cash,Gym,felt cute might delete 🫶
09-01-2025,Productivity Era,184.6,Online,Rent,oops 😭
10-01-2025,Main Character Energy,68.98,Cash,McDonald's,oops 😭
11-01-2025,Adulting Things,24.78,Online,TikTok Shop,oops 😭
11-01-2025,Adulting Things,168.08,Online,Spotify,felt cute might delete 🫶
11-01-2025,Main Character Energy,63.73,Cash,McDonald's,oops 😭
12-01-2025,Main Character Energy,240.77,Online,Amazon,ugh adulting 😭
12-01-2025,Main Character Energy,189.6,Online,Shein,ugh adulting 😭
12-01-2025,Adulting Things,133.82,Online,Coursera,felt cute might delete 🫶
12-01-2025,Productivity Era,76.16,Cash,Boba Guys,ugh adulting 😭
13-01-2025,Main Character Energy,26.7,Online,Shein,felt cute might delete 🫶
13-01-2025,Main Character Energy,297.66,Cash,Starbucks,felt cute might delete 🫶
13-01-2025,Productivity Era,170.59,Cash,Rent,felt cute might delete 🫶
13-01-2025,Main Character Energy,93.36,Online,Amazon,ugh adulting 😭
14-01-2025,Productivity Era,6.14,Cash,Shein,treat yourself 💅
15-01-2025,Adulting Things,125.53,Cash,Apple,ugh adulting 😭
15-01-2025,Adulting Things,18.47,Online,McDonald's,oops 😭
15-01-2025,Productivity Era,190.5,Online,Movie Ticket,felt cute might delete 🫶
15-01-2025,Productivity Era,148.22,Online,Walmart,ugh adulting 😭
16-01-2025,Adulting Things,162.29,Online,Notion,ugh adulting 😭
16-01-2025,Main Character Energy,293.51,Online,Gym,felt cute might delete 🫶
17-01-2025,Productivity Era,252.89,Cash,Apple,oops 😭
17-01-2025,Main Character Energy,37.29,Cash,Notion,felt cute might delete 🫶
17-01-2025,Productivity Era,207.86,Online,Walmart,treat yourself 💅
18-01-2025,Main Character Energy,16.63,Online,Starbucks,treat yourself 💅
18-01-2025,Productivity Era,206.44,Cash,Apple,treat yourself 💅
18-01-2025,Adulting Things,250.6,Online,Walmart,oops 😭
19-01-2025,Adulting Things,19.29,Cash,TikTok Shop,ugh adulting 😭
19-01-2025,Adulting Things,270.83,Cash,Zara,felt cute might delete 🫶
20-01-2025,Adulting Things,50.31,Online,Shein,felt cute might delete 🫶
21-01-2025,Adulting Things,263.8,Online,Coursera,ugh adulting 😭
22-01-2025,Productivity Era,54.81,Online,Apple,treat yourself 💅
23-01-2025,Productivity Era,247.12,Cash,Movie Ticket,ugh adulting 😭
23-01-2025,Adulting Things,228.19,Cash,Amazon,ugh adulting 😭
24-01-2025,Adulting Things,19.98,Online,Movie Ticket,treat yourself 💅
24-01-2025,Productivity Era,294.26,Cash,Zara,oops 😭
24-01-2025,Adulting Things,134.01,Online,Apple,treat yourself 💅
25-01-2025,Productivity Era,78.26,Cash,Apple,felt cute might delete 🫶
25-01-2025,Main Character Energy,159.07,Cash,Notion,felt cute might delete 🫶
25-01-2025,Adulting Things,5.35,Online,Rent,treat yourself 💅
25-01-2025,Productivity Era,9.55,Cash,Walmart,ugh adulting 😭
26-01-2025,Productivity Era,13.05,Cash,Amazon,ugh adulting 😭
26-01-2025,Main Character Energy,273.36,Cash,Amazon,treat yourself 💅
26-01-2025,Productivity Era,216.16,Online,Shein,felt cute might delete 🫶
26-01-2025,Main Character Energy,205.78,Online,TikTok Shop,ugh adulting 😭
26-01-2025,Adulting Things,297.61,Online,Boba Guys,oops 😭
27-01-2025,Adulting Things,104.3,Cash,Coursera,treat yourself 💅
27-01-2025,Adulting Things,277.4,Cash,Shein,oops 😭
27-01-2025,Main Character Energy,155.95,Online,TikTok Shop,treat yourself 💅
27-01-2025,Main Character Energy,169.55,Cash,Gym,felt cute might delete 🫶
28-01-2025,Main Character Energy,43.23,Online,Notion,felt cute might delete 🫶
28-01-2025,Adulting Things,21.01,Online,Gym,felt cute might delete 🫶
28-01-2025,Productivity Era,146.04,Online,Zara,oops 😭
28-01-2025,Main Character Energy,37.93,Cash,Boba Guys,felt cute might delete 🫶
29-01-2025,Productivity Era,44.96,Online,Spotify,treat yourself 💅
29-01-2025,Main Character Energy,97.63,Online,Boba Guys,ugh adulting 😭
30-01-2025,Main Character Energy,125.26,Cash,Rent,ugh adulting 😭
30-01-2025,Main Character Energy,253.13,Cash,Walmart,oops 😭
31-01-2025,Adulting Things,117.35,Online,Walmart,treat yourself 💅
31-01-2025,Adulting Things,274.53,Cash,Zara,ugh adulting 😭
31-01-2025,Adulting Things,176.99,Online,Rent,ugh adulting 😭
01-02-2025,Adulting Things,15.13,Online,Spotify,felt cute might delete 🫶
01-02-2025,Adulting Things,104.92,Cash,Walmart,oops 😭
01-02-2025,Main Character Energy,65.72,Cash,Apple,oops 😭
01-02-2025,Productivity Era,162.1,Cash,Spotify,ugh adulting 😭
02-02-2025,Main Character Energy,110.82,Online,Starbucks,oops 😭
02-02-2025,Adulting Things,287.38,Online,TikTok Shop,felt cute might delete 🫶
02-02-2025,Main Character Energy,220.92,Online,Amazon,ugh adulting 😭
03-02-2025,Adulting Things,103.35,Online,Rent,treat yourself 💅
04-02-2025,Main Character Energy,299.79,Cash,Starbucks,ugh adulting 😭
04-02-2025,Main Character Energy,284.74,Cash,Spotify,felt cute might delete 🫶
04-02-2025,Productivity Era,280.71,Cash,Boba Guys,oops 😭
04-02-2025,Adulting Things,95.25,Online,Gym,ugh adulting 😭
04-02-2025,Main Character Energy,234.58,Cash,Walmart,felt cute might delete 🫶
05-02-2025,Productivity Era,126.69,Cash,Boba Guys,felt cute might delete 🫶
05-02-2025,Main Character Energy,96.75,Cash,Movie Ticket,treat yourself 💅
05-02-2025,Main Character Energy,148.15,Online,Notion,felt cute might delete 🫶
05-02-2025,Main Character Energy,247.9,Online,Boba Guys,ugh adulting 😭
05-02-2025,Main Character Energy,70.15,Cash,Spotify,ugh adulting 😭
06-02-2025,Productivity Era,227.87,Cash,Apple,ugh adulting 😭
06-02-2025,Productivity Era,145.11,Cash,TikTok Shop,oops 😭
06-02-2025,Adulting Things,52.09,Online,Apple,oops 😭
06-02-2025,Productivity Era,157.38,Online,Notion,felt cute might delete 🫶
07-02-2025,Adulting Things,215.27,Cash,Movie Ticket,ugh adulting 😭
08-02-2025,Adulting Things,52.41,Cash,Zara,felt cute might delete 🫶
09-02-2025,Adulting Things,90.05,Online,Movie Ticket,felt cute might delete 🫶
09-02-2025,Productivity Era,232.96,Online,Movie Ticket,treat yourself 💅
09-02-2025,Main Character Energy,297.74,Cash,Starbucks,felt cute might delete 🫶
09-02-2025,Productivity Era,20.44,Cash,TikTok Shop,treat yourself 💅
10-02-2025,Main Character Energy,208.83,Online,Notion,felt cute might delete 🫶
11-02-2025,Productivity Era,272.8,Cash,Rent,treat yourself 💅
11-02-2025,Main Character Energy,274.08,Cash,TikTok Shop,treat yourself 💅
12-02-2025,Main Character Energy,153.6,Online,Apple,felt cute might delete 🫶
12-02-2025,Adulting Things,157.97,Online,Starbucks,oops 😭
12-02-2025,Main Character Energy,160.08,Online,Coursera,felt cute might delete 🫶
12-02-2025,Main Character Energy,60.39,Online,Gym,treat yourself 💅
13-02-2025,Productivity Era,204.04,Online,Zara,treat yourself 💅
13-02-2025,Main Character Energy,61.71,Cash,Shein,treat yourself 💅
13-02-2025,Main Character Energy,173.61,Cash,TikTok Shop,oops 😭
13-02-2025,Adulting Things,130.62,Cash,Shein,felt cute might delete 🫶
13-02-2025,Productivity Era,48.19,Cash,Shein,oops 😭
14-02-2025,Adulting Things,258.75,Online,Zara,ugh adulting 😭
14-02-2025,Adulting Things,48.87,Online,McDonald's,oops 😭
15-02-2025,Main Character Energy,43.41,Cash,Starbucks,ugh adulting 😭
15-02-2025,Adulting Things,59.78,Online,Notion,treat yourself 💅
15-02-2025,Adulting Things,27.08,Online,Spotify,ugh adulting 😭
16-02-2025,Productivity Era,35.57,Cash,Notion,ugh adulting 😭
16-02-2025,Main Character Energy,64.12,Cash,Apple,treat yourself 💅
16-02-2025,Adulting Things,229.18,Online,Zara,ugh adulting 😭
16-02-2025,Main Character Energy,109.11,Cash,Walmart,ugh adulting 😭
16-02-2025,Productivity Era,65.56,Online,Notion,treat yourself 💅
17-02-2025,Adulting Things,293.94,Online,Spotify,treat yourself 💅
17-02-2025,Main Character Energy,267.72,Cash,Coursera,oops 😭
17-02-2025,Adulting Things,181.89,Cash,Boba Guys,treat yourself 💅
17-02-2025,Main Character Energy,99.31,Cash,Spotify,felt cute might delete 🫶
18-02-2025,Adulting Things,155.2,Cash,Boba Guys,ugh adulting 😭
18-02-2025,Main Character Energy,244.02,Cash,Shein,oops 😭
19-02-2025,Main Character Energy,112.5,Online,Apple,oops 😭
19-02-2025,Productivity Era,70.8,Cash,Zara,ugh adulting 😭
19-02-2025,Productivity Era,239,Online,Spotify,felt cute might delete 🫶
20-02-2025,Adulting Things,217.88,Cash,McDonald's,treat yourself 💅
20-02-2025,Adulting Things,60.04,Cash,TikTok Shop,felt cute might delete 🫶
20-02-2025,Productivity Era,109.15,Online,Starbucks,oops 😭
20-02-2025,Productivity Era,211.01,Cash,Notion,ugh adulting 😭
21-02-2025,Adulting Things,80.72,Online,Notion,oops 😭
21-02-2025,Main Character Energy,21.51,Online,Notion,treat yourself 💅
21-02-2025,Productivity Era,125.41,Cash,Spotify,felt cute might delete 🫶
21-02-2025,Adulting Things,64.39,Cash,McDonald's,ugh adulting 😭
21-02-2025,Adulting Things,203.17,Online,Notion,felt cute might delete 🫶
22-02-2025,Productivity Era,276.78,Online,Shein,treat yourself 💅
22-02-2025,Productivity Era,14.96,Online,TikTok Shop,oops 😭
22-02-2025,Main Character Energy,151.77,Online,McDonald's,treat yourself 💅
22-02-2025,Main Character Energy,147.4,Online,Notion,ugh adulting 😭
22-02-2025,Main Character Energy,64.98,Online,Gym,felt cute might delete 🫶
23-02-2025,Adulting Things,43.37,Online,Gym,felt cute might delete 🫶
23-02-2025,Adulting Things,130.57,Online,Rent,felt cute might delete 🫶
23-02-2025,Productivity Era,230.83,Online,Starbucks,oops 😭
23-02-2025,Main Character Energy,284.5,Cash,Coursera,ugh adulting 😭
23-02-2025,Productivity Era,275.01,Online,Apple,ugh adulting 😭
24-02-2025,Main Character Energy,89.81,Online,Spotify,ugh adulting 😭
24-02-2025,Adulting Things,187.93,Cash,Starbucks,felt cute might delete 🫶
25-02-2025,Main Character Energy,7.9,Cash,Notion,ugh adulting 😭
25-02-2025,Adulting Things,141.4,Cash,Rent,ugh adulting 😭
25-02-2025,Adulting Things,152.49,Online,Notion,ugh adulting 😭
25-02-2025,Adulting Things,63.43,Online,Apple,treat yourself 💅
26-02-2025,Main Character Energy,62.68,Cash,Rent,ugh adulting 😭
26-02-2025,Main Character Energy,53.38,Cash,Starbucks,ugh adulting 😭
27-02-2025,Main Character Energy,185.26,Cash,Spotify,felt cute might delete 🫶
27-02-2025,Main Character Energy,12.21,Online,Coursera,felt cute might delete 🫶
27-02-2025,Productivity Era,77.01,Cash,McDonald's,treat yourself 💅
27-02-2025,Main Character Energy,90.91,Cash,Zara,treat yourself 💅
28-02-2025,Adulting Things,254.67,Online,Rent,ugh adulting 😭
01-03-2025,Productivity Era,64.13,Online,Shein,treat yourself 💅
01-03-2025,Productivity Era,106.54,Cash,Walmart,felt cute might delete 🫶
01-03-2025,Productivity Era,209.78,Cash,Notion,ugh adulting 😭
01-03-2025,Adulting Things,16.42,Cash,Walmart,ugh adulting 😭
02-03-2025,Productivity Era,75.98,Cash,Amazon,treat yourself 💅
02-03-2025,Main Character Energy,104.76,Cash,Shein,ugh adulting 😭
02-03-2025,Productivity Era,279.61,Online,Zara,oops 😭
03-03-2025,Adulting Things,211.66,Cash,Gym,oops 😭
03-03-2025,Productivity Era,159.31,Cash,Starbucks,felt cute might delete 🫶
03-03-2025,Adulting Things,254.38,Cash,Walmart,treat yourself 💅
04-03-2025,Productivity Era,258.81,Online,Zara,ugh adulting 😭
04-03-2025,Productivity Era,211.89,Online,Walmart,felt cute might delete 🫶
05-03-2025,Main Character Energy,34.57,Cash,Boba Guys,treat yourself 💅
06-03-2025,Adulting Things,99.8,Cash,Zara,treat yourself 💅
06-03-2025,Adulting Things,202.14,Cash,Starbucks,treat yourself 💅
06-03-2025,Adulting Things,261.18,Cash,Zara,ugh adulting 😭
06-03-2025,Main Character Energy,289.02,Cash,McDonald's,felt cute might delete 🫶
06-03-2025,Main Character Energy,15.96,Cash,Starbucks,felt cute might delete 🫶
07-03-2025,Main Character Energy,8.6,Online,Starbucks,treat yourself 💅
08-03-2025,Productivity Era,237.67,Online,Amazon,treat yourself 💅
08-03-2025,Productivity Era,68.76,Online,Amazon,treat yourself 💅
08-03-2025,Main Character Energy,26.26,Cash,McDonald's,treat yourself 💅
08-03-2025,Adulting Things,39.98,Cash,Rent,oops 😭
09-03-2025,Productivity Era,250.54,Cash,Starbucks,oops 😭
10-03-2025,Adulting Things,125.07,Cash,McDonald's,felt cute might delete 🫶
10-03-2025,Adulting Things,34.94,Cash,Boba Guys,oops 😭
11-03-2025,Main Character Energy,81.74,Online,Gym,felt cute might delete 🫶
12-03-2025,Adulting Things,153.97,Online,Amazon,ugh adulting 😭
12-03-2025,Main Character Energy,8.81,Online,Zara,ugh adulting 😭
12-03-2025,Main Character Energy,256.55,Online,Walmart,treat yourself 💅
12-03-2025,Adulting Things,218.06,Cash,Shein,ugh adulting 😭
13-03-2025,Main Character Energy,6.18,Online,Boba Guys,ugh adulting 😭
13-03-2025,Main Character Energy,117.14,Online,Spotify,treat yourself 💅
13-03-2025,Adulting Things,240.19,Online,TikTok Shop,treat yourself 💅
14-03-2025,Productivity Era,186.23,Cash,TikTok Shop,oops 😭
14-03-2025,Main Character Energy,86.47,Online,Movie Ticket,felt cute might delete 🫶
14-03-2025,Adulting Things,75.77,Cash,Boba Guys,oops 😭
14-03-2025,Adulting Things,200.08,Cash,Movie Ticket,felt cute might delete 🫶
14-03-2025,Productivity Era,169.77,Online,Rent,treat yourself 💅
15-03-2025,Adulting Things,148.06,Cash,Starbucks,oops 😭
15-03-2025,Adulting Things,22.64,Cash,Apple,ugh adulting 😭
15-03-2025,Main Character Energy,73.87,Cash,Movie Ticket,treat yourself 💅
15-03-2025,Main Character Energy,122.97,Cash,Notion,oops 😭
16-03-2025,Productivity Era,122.57,Online,Starbucks,oops 😭
16-03-2025,Productivity Era,242.53,Cash,Rent,oops 😭
16-03-2025,Productivity Era,15.6,Online,Movie Ticket,treat yourself 💅
17-03-2025,Adulting Things,51.68,Cash,Movie Ticket,felt cute might delete 🫶
17-03-2025,Adulting Things,10.12,Cash,Movie Ticket,oops 😭
17-03-2025,Main Character Energy,287.41,Cash,Walmart,ugh adulting 😭
18-03-2025,Adulting Things,50.35,Online,Rent,treat yourself 💅
18-03-2025,Main Character Energy,146.21,Online,Spotify,oops 😭
18-03-2025,Productivity Era,133.29,Online,TikTok Shop,treat yourself 💅
18-03-2025,Main Character Energy,108.22,Cash,Boba Guys,oops 😭
19-03-2025,Main Character Energy,13.4,Online,TikTok Shop,ugh adulting 😭
19-03-2025,Main Character Energy,166.67,Online,Rent,felt cute might delete 🫶
20-03-2025,Adulting Things,101.45,Online,Spotify,oops 😭
20-03-2025,Productivity Era,236.01,Online,Amazon,ugh adulting 😭
21-03-2025,Main Character Energy,24.95,Online,Starbucks,felt cute might delete 🫶
22-03-2025,Main Character Energy,38.76,Cash,Notion,ugh adulting 😭
22-03-2025,Adulting Things,81.93,Online,Notion,treat yourself 💅
22-03-2025,Main Character Energy,104.5,Online,Gym,ugh adulting 😭
23-03-2025,Main Character Energy,133.28,Cash,Boba Guys,oops 😭
24-03-2025,Main Character Energy,62.29,Online,Notion,treat yourself 💅
24-03-2025,Productivity Era,230.43,Online,Boba Guys,felt cute might delete 🫶
25-03-2025,Adulting Things,246.7,Online,Shein,felt cute might delete 🫶
25-03-2025,Main Character Energy,299.85,Online,Notion,oops 😭
25-03-2025,Adulting Things,284.2,Online,Gym,ugh adulting 😭
25-03-2025,Productivity Era,111.35,Cash,Coursera,ugh adulting 😭
26-03-2025,Adulting Things,273.71,Online,Movie Ticket,treat yourself 💅
26-03-2025,Adulting Things,264.71,Online,Shein,ugh adulting 😭
26-03-2025,Adulting Things,182.39,Cash,Apple,ugh adulting 😭
26-03-2025,Adulting Things,68.22,Cash,Boba Guys,treat yourself 💅
26-03-2025,Productivity Era,197.17,Online,Boba Guys,felt cute might delete 🫶
27-03-2025,Adulting Things,205.32,Cash,Rent,oops 😭
27-03-2025,Main Character Energy,58.52,Online,Movie Ticket,ugh adulting 😭
27-03-2025,Productivity Era,188.05,Online,Shein,felt cute might delete 🫶
27-03-2025,Adulting Things,90.2,Cash,Shein,oops 😭
28-03-2025,Main Character Energy,94.18,Cash,Rent,felt cute might delete 🫶
28-03-2025,Main Character Energy,152.45,Cash,Walmart,treat yourself 💅
29-03-2025,Productivity Era,206.9,Cash,Starbucks,oops 😭
29-03-2025,Main Character Energy,51.5,Online,TikTok Shop,ugh adulting 😭
29-03-2025,Adulting Things,273.07,Online,Starbucks,felt cute might delete 🫶
29-03-2025,Adulting Things,245.62,Cash,Starbucks,ugh adulting 😭
29-03-2025,Main Character Energy,212.35,Cash,Shein,felt cute might delete 🫶
30-03-2025,Productivity Era,263.18,Online,Notion,felt cute might delete 🫶
30-03-2025,Adulting Things,223.39,Cash,McDonald's,ugh adulting 😭
30-03-2025,Adulting Things,62.02,Online,Amazon,ugh adulting 😭
31-03-2025,Productivity Era,299.24,Cash,Notion,treat yourself 💅
31-03-2025,Productivity Era,82.85,Online,Apple,ugh adulting 😭
31-03-2025,Productivity Era,89.53,Online,Coursera,treat yourself 💅
31-03-2025,Productivity Era,55.5,Cash,Apple,ugh adulting 😭
31-03-2025,Productivity Era,295.69,Online,Boba Guys,treat yourself 💅
01-04-2025,Main Character Energy,188.62,Cash,Gym,felt cute might delete 🫶
01-04-2025,Productivity Era,168.14,Cash,Movie Ticket,ugh adulting 😭
01-04-2025,Main Character Energy,258.66,Online,Zara,oops 😭
02-04-2025,Main Character Energy,298.29,Cash,Apple,oops 😭
02-04-2025,Adulting Things,283.56,Cash,Rent,ugh adulting 😭
02-04-2025,Productivity Era,48.75,Cash,Apple,treat yourself 💅
03-04-2025,Productivity Era,97.28,Cash,Starbucks,oops 😭
03-04-2025,Main Character Energy,156.85,Cash,Starbucks,oops 😭
03-04-2025,Productivity Era,186.67,Cash,Walmart,oops 😭
03-04-2025,Main Character Energy,170.56,Cash,Rent,treat yourself 💅
04-04-2025,Adulting Things,112.89,Online,Starbucks,ugh adulting 😭
04-04-2025,Productivity Era,62.86,Online,Apple,oops 😭
04-04-2025,Productivity Era,94.58,Online,TikTok Shop,ugh adulting 😭
04-04-2025,Adulting Things,242.61,Cash,Walmart,oops 😭
05-04-2025,Productivity Era,231.55,Cash,Amazon,felt cute might delete 🫶
05-04-2025,Productivity Era,254.06,Online,Amazon,oops 😭
06-04-2025,Main Character Energy,24.45,Online,Starbucks,treat yourself 💅
06-04-2025,Main Character Energy,158.84,Cash,McDonald's,treat yourself 💅
06-04-2025,Main Character Energy,82.91,Cash,Shein,ugh adulting 😭
06-04-2025,Adulting Things,297.93,Online,Gym,felt cute might delete 🫶
07-04-2025,Productivity Era,14.5,Cash,Apple,oops 😭
07-04-2025,Adulting Things,225.16,Online,TikTok Shop,felt cute might delete 🫶
07-04-2025,Adulting Things,88.76,Online,TikTok Shop,ugh adulting 😭
07-04-2025,Adulting Things,88.03,Online,Coursera,ugh adulting 😭
07-04-2025,Productivity Era,26.18,Cash,Movie Ticket,felt cute might delete 🫶
08-04-2025,Main Character Energy,157.21,Online,Walmart,oops 😭
08-04-2025,Main Character Energy,294.57,Cash,Starbucks,felt cute might delete 🫶
08-04-2025,Main Character Energy,158.21,Online,Boba Guys,ugh adulting 😭
09-04-2025,Adulting Things,201.21,Online,Gym,ugh adulting 😭
09-04-2025,Adulting Things,113.3,Cash,Walmart,felt cute might delete 🫶
09-04-2025,Main Character Energy,134.36,Online,Rent,oops 😭
09-04-2025,Main Character Energy,62.15,Online,Starbucks,oops 😭
09-04-2025,Main Character Energy,268.77,Online,Movie Ticket,felt cute might delete 🫶
10-04-2025,Productivity Era,217.76,Cash,Spotify,treat yourself 💅
11-04-2025,Productivity Era,109.06,Online,Apple,oops 😭
12-04-2025,Adulting Things,21.67,Cash,Amazon,felt cute might delete 🫶
12-04-2025,Productivity Era,10.49,Cash,Walmart,felt cute might delete 🫶
13-04-2025,Adulting Things,127.78,Cash,Movie Ticket,treat yourself 💅
14-04-2025,Adulting Things,191.47,Cash,Spotify,felt cute might delete 🫶
15-04-2025,Productivity Era,54.12,Cash,Starbucks,treat yourself 💅
15-04-2025,Adulting Things,176.85,Online,Boba Guys,oops 😭
16-04-2025,Productivity Era,173.54,Cash,Movie Ticket,felt cute might delete 🫶
16-04-2025,Main Character Energy,193.37,Online,Apple,felt cute might delete 🫶
16-04-2025,Adulting Things,186.57,Cash,Spotify,treat yourself 💅
16-04-2025,Main Character Energy,240.56,Online,Spotify,ugh adulting 😭
16-04-2025,Productivity Era,278.8,Online,Boba Guys,felt cute might delete 🫶
17-04-2025,Productivity Era,240.57,Online,Movie Ticket,felt cute might delete 🫶
18-04-2025,Main Character Energy,152.47,Cash,Movie Ticket,ugh adulting 😭
18-04-2025,Main Character Energy,221.75,Cash,Zara,ugh adulting 😭
18-04-2025,Main Character Energy,23.69,Cash,Starbucks,felt cute might delete 🫶
18-04-2025,Adulting Things,180.99,Cash,Coursera,felt cute might delete 🫶
18-04-2025,Productivity Era,33.82,Online,McDonald's,felt cute might delete 🫶
19-04-2025,Adulting Things,55.29,Cash,Coursera,treat yourself 💅
19-04-2025,Main Character Energy,63.5,Online,Boba Guys,treat yourself 💅
19-04-2025,Productivity Era,122.62,Online,Boba Guys,treat yourself 💅
20-04-2025,Main Character Energy,297.54,Online,Coursera,ugh adulting 😭
20-04-2025,Main Character Energy,36.41,Cash,TikTok Shop,oops 😭
20-04-2025,Main Character Energy,96.87,Cash,McDonald's,oops 😭
20-04-2025,Adulting Things,247.13,Online,Walmart,oops 😭
21-04-2025,Productivity Era,265.9,Cash,Rent,oops 😭
22-04-2025,Adulting Things,185.78,Cash,Spotify,oops 😭
23-04-2025,Main Character Energy,249.6,Online,Shein,felt cute might delete 🫶
23-04-2025,Main Character Energy,82.98,Online,Starbucks,treat yourself 💅
24-04-2025,Adulting Things,207.73,Cash,Rent,oops 😭
24-04-2025,Adulting Things,123.41,Online,Spotify,ugh adulting 😭
24-04-2025,Adulting Things,177.27,Online,Gym,oops 😭
25-04-2025,Main Character Energy,219.74,Online,Zara,oops 😭
25-04-2025,Main Character Energy,35.61,Online,Starbucks,treat yourself 💅
25-04-2025,Main Character Energy,226.87,Cash,TikTok Shop,ugh adulting 😭
25-04-2025,Main Character Energy,205.96,Online,Amazon,treat yourself 💅
25-04-2025,Adulting Things,292.44,Cash,TikTok Shop,treat yourself 💅
26-04-2025,Main Character Energy,127.04,Online,Boba Guys,oops 😭
26-04-2025,Productivity Era,214.71,Online,Gym,treat yourself 💅
26-04-2025,Adulting Things,55.13,Cash,Starbucks,treat yourself 💅
26-04-2025,Adulting Things,38.38,Online,Walmart,felt cute might delete 🫶
27-04-2025,Adulting Things,65.14,Cash,TikTok Shop,felt cute might delete 🫶
27-04-2025,Productivity Era,18.46,Cash,Notion,treat yourself 💅
28-04-2025,Adulting Things,182.56,Online,Shein,oops 😭
29-04-2025,Main Character Energy,120.19,Online,Apple,oops 😭
29-04-2025,Adulting Things,113.28,Online,Notion,felt cute might delete 🫶
29-04-2025,Main Character Energy,102.33,Online,Boba Guys,felt cute might delete 🫶
29-04-2025,Main Character Energy,100.15,Cash,TikTok Shop,treat yourself 💅
29-04-2025,Adulting Things,63.99,Online,Shein,oops 😭
30-04-2025,Productivity Era,29.28,Cash,Spotify,ugh adulting 😭
30-04-2025,Productivity Era,123.29,Cash,Spotify,felt cute might delete 🫶
30-04-2025,Main Character Energy,218.15,Online,Starbucks,oops 😭
30-04-2025,Productivity Era,203.29,Online,Shein,felt cute might delete 🫶
01-05-2025,Productivity Era,228.73,Online,Rent,oops 😭
01-05-2025,Productivity Era,60.75,Cash,TikTok Shop,oops 😭
01-05-2025,Adulting Things,216.47,Online,Coursera,treat yourself 💅
01-05-2025,Adulting Things,159.66,Cash,Rent,ugh adulting 😭
01-05-2025,Adulting Things,115.36,Online,TikTok Shop,treat yourself 💅
02-05-2025,Productivity Era,228.64,Online,Walmart,treat yourself 💅
02-05-2025,Main Character Energy,19.08,Online,TikTok Shop,ugh adulting 😭
02-05-2025,Productivity Era,28.64,Cash,Amazon,oops 😭
03-05-2025,Main Character Energy,81.56,Cash,Amazon,felt cute might delete 🫶
03-05-2025,Productivity Era,285.15,Online,Starbucks,treat yourself 💅
03-05-2025,Main Character Energy,105.52,Cash,Coursera,oops 😭
03-05-2025,Adulting Things,78.44,Cash,Zara,ugh adulting 😭
04-05-2025,Productivity Era,145.12,Cash,Amazon,ugh adulting 😭
04-05-2025,Adulting Things,47.86,Cash,McDonald's,felt cute might delete 🫶
04-05-2025,Adulting Things,97.97,Online,Gym,oops 😭
05-05-2025,Main Character Energy,124.44,Online,McDonald's,felt cute might delete 🫶
05-05-2025,Productivity Era,144.22,Online,Apple,treat yourself 💅
05-05-2025,Adulting Things,121.87,Online,Gym,oops 😭
05-05-2025,Main Character Energy,170.68,Online,Zara,oops 😭
05-05-2025,Main Character Energy,99.72,Online,Starbucks,treat yourself 💅
06-05-2025,Adulting Things,107.66,Online,Amazon,treat yourself 💅
06-05-2025,Adulting Things,275.54,Online,Apple,oops 😭
06-05-2025,Main Character Energy,7.74,Online,Shein,oops 😭
06-05-2025,Productivity Era,124.43,Online,Boba Guys,oops 😭
07-05-2025,Main Character Energy,163.83,Cash,McDonald's,ugh adulting 😭
07-05-2025,Main Character Energy,241.44,Cash,Notion,oops 😭
07-05-2025,Adulting Things,149.73,Cash,Shein,felt cute might delete 🫶
07-05-2025,Productivity Era,94.69,Online,Coursera,oops 😭
08-05-2025,Productivity Era,25.27,Cash,Amazon,oops 😭
09-05-2025,Main Character Energy,172.97,Online,Shein,oops 😭
09-05-2025,Main Character Energy,109.37,Cash,Walmart,ugh adulting 😭
09-05-2025,Adulting Things,276.14,Online,Boba Guys,oops 😭
09-05-2025,Main Character Energy,174.01,Cash,Zara,ugh adulting 😭
10-05-2025,Productivity Era,182.62,Online,Coursera,treat yourself 💅
11-05-2025,Productivity Era,294.82,Online,McDonald's,oops 😭
11-05-2025,Main Character Energy,132.19,Cash,Coursera,oops 😭
11-05-2025,Adulting Things,202.94,Cash,Movie Ticket,oops 😭
12-05-2025,Adulting Things,255.2,Cash,Walmart,treat yourself 💅
13-05-2025,Adulting Things,158.34,Online,Starbucks,ugh adulting 😭
13-05-2025,Main Character Energy,108.14,Online,Rent,oops 😭
13-05-2025,Adulting Things,163.79,Online,Movie Ticket,treat yourself 💅
14-05-2025,Productivity Era,247.27,Cash,Boba Guys,oops 😭
14-05-2025,Adulting Things,278.78,Cash,Walmart,felt cute might delete 🫶
14-05-2025,Main Character Energy,267.89,Online,Notion,ugh adulting 😭
15-05-2025,Main Character Energy,126.26,Online,McDonald's,oops 😭
15-05-2025,Productivity Era,39.27,Cash,Shein,oops 😭
15-05-2025,Main Character Energy,66.16,Cash,TikTok Shop,oops 😭
15-05-2025,Adulting Things,160.67,Cash,Shein,ugh adulting 😭
16-05-2025,Productivity Era,85.77,Cash,Amazon,treat yourself 💅
16-05-2025,Adulting Things,135.89,Online,Walmart,treat yourself 💅
16-05-2025,Adulting Things,127.3,Online,Starbucks,felt cute might delete 🫶
16-05-2025,Productivity Era,110.59,Cash,Spotify,oops 😭
17-05-2025,Adulting Things,254.32,Cash,Zara,treat yourself 💅
18-05-2025,Main Character Energy,48.14,Cash,TikTok Shop,ugh adulting 😭
18-05-2025,Adulting Things,166.99,Online,Boba Guys,felt cute might delete 🫶
19-05-2025,Adulting Things,141.01,Online,Boba Guys,ugh adulting 😭
19-05-2025,Productivity Era,291.11,Online,Movie Ticket,ugh adulting 😭
19-05-2025,Adulting Things,134.14,Cash,Apple,treat yourself 💅
19-05-2025,Productivity Era,144.33,Cash,Zara,felt cute might delete 🫶
20-05-2025,Adulting Things,118.49,Online,Shein,ugh adulting 😭
20-05-2025,Main Character Energy,171.22,Cash,Starbucks,ugh adulting 😭
21-05-2025,Productivity Era,41.39,Online,Gym,felt cute might delete 🫶
21-05-2025,Productivity Era,34.9,Cash,Gym,treat yourself 💅
22-05-2025,Adulting Things,22.18,Cash,Gym,treat yourself 💅
22-05-2025,Adulting Things,233.09,Cash,Boba Guys,oops 😭
22-05-2025,Productivity Era,209.73,Cash,Gym,treat yourself 💅
23-05-2025,Productivity Era,33.8,Online,Coursera,felt cute might delete 🫶
24-05-2025,Productivity Era,47.52,Cash,Coursera,oops 😭
24-05-2025,Productivity Era,135.36,Cash,Walmart,treat yourself 💅
25-05-2025,Main Character Energy,291.82,Online,Coursera,ugh adulting 😭
25-05-2025,Adulting Things,79.38,Cash,Movie Ticket,treat yourself 💅
26-05-2025,Adulting Things,84.77,Cash,Notion,felt cute might delete 🫶
26-05-2025,Adulting Things,68.23,Cash,Apple,treat yourself 💅
27-05-2025,Adulting Things,77.04,Online,Spotify,treat yourself 💅
27-05-2025,Main Character Energy,6.98,Online,Rent,ugh adulting 😭
27-05-2025,Adulting Things,119.77,Cash,Shein,ugh adulting 😭
27-05-2025,Adulting Things,192.83,Online,McDonald's,ugh adulting 😭
28-05-2025,Productivity Era,126.78,Online,Notion,felt cute might delete 🫶
28-05-2025,Productivity Era,118.98,Cash,Amazon,felt cute might delete 🫶
28-05-2025,Productivity Era,17.79,Online,Notion,oops 😭
28-05-2025,Productivity Era,165.07,Online,Shein,oops 😭
29-05-2025,Productivity Era,85.77,Cash,Zara,treat yourself 💅
30-05-2025,Main Character Energy,138.08,Cash,Movie Ticket,oops 😭
31-05-2025,Main Character Energy,223.81,Online,Boba Guys,felt cute might delete 🫶
31-05-2025,Main Character Energy,251.55,Online,Amazon,treat yourself 💅
31-05-2025,Adulting Things,273.87,Online,TikTok Shop,ugh adulting 😭
31-05-2025,Adulting Things,128.1,Cash,Apple,treat yourself 💅
31-05-2025,Adulting Things,171.89,Cash,Gym,treat yourself 💅
01-06-2025,Adulting Things,222.42,Online,Notion,treat yourself 💅
01-06-2025,Productivity Era,173.79,Online,Apple,ugh adulting 😭
01-06-2025,Productivity Era,152.96,Cash,Rent,oops 😭
01-06-2025,Productivity Era,298.37,Cash,Spotify,ugh adulting 😭
01-06-2025,Adulting Things,225.2,Online,Walmart,felt cute might delete 🫶
02-06-2025,Adulting Things,216.85,Cash,Movie Ticket,ugh adulting 😭
03-06-2025,Adulting Things,108.03,Online,Gym,treat yourself 💅
03-06-2025,Productivity Era,244.51,Cash,Coursera,ugh adulting 😭
03-06-2025,Main Character Energy,58.82,Online,Spotify,ugh adulting 😭
03-06-2025,Adulting Things,172.38,Online,Boba Guys,ugh adulting 😭
03-06-2025,Main Character Energy,189.72,Online,Zara,oops 😭
04-06-2025,Productivity Era,121.91,Cash,TikTok Shop,ugh adulting 😭
04-06-2025,Main Character Energy,298.85,Cash,Starbucks,treat yourself 💅
05-06-2025,Adulting Things,19.94,Online,Notion,ugh adulting 😭
05-06-2025,Main Character Energy,180.9,Online,Shein,oops 😭
06-06-2025,Adulting Things,201.66,Online,Rent,felt cute might delete 🫶
06-06-2025,Adulting Things,299.99,Online,Zara,oops 😭
06-06-2025,Productivity Era,219.18,Online,Amazon,treat yourself 💅
06-06-2025,Adulting Things,107.31,Online,Zara,ugh adulting 😭
07-06-2025,Main Character Energy,128.27,Online,Spotify,ugh adulting 😭
07-06-2025,Adulting Things,250.58,Online,Notion,oops 😭
08-06-2025,Productivity Era,285.94,Online,Movie Ticket,oops 😭
08-06-2025,Productivity Era,286.27,Online,Starbucks,ugh adulting 😭
08-06-2025,Productivity Era,259.72,Cash,Walmart,ugh adulting 😭
08-06-2025,Adulting Things,163.79,Online,Boba Guys,treat yourself 💅
09-06-2025,Adulting Things,104.66,Online,Walmart,oops 😭
09-06-2025,Productivity Era,290.57,Cash,Coursera,ugh adulting 😭
09-06-2025,Productivity Era,189.47,Online,Spotify,treat yourself 💅
09-06-2025,Adulting Things,142.09,Online,Movie Ticket,oops 😭
09-06-2025,Adulting Things,186.31,Online,TikTok Shop,felt cute might delete 🫶
10-06-2025,Main Character Energy,132.13,Online,Rent,felt cute might delete 🫶
10-06-2025,Main Character Energy,33.61,Online,Walmart,felt cute might delete 🫶
10-06-2025,Adulting Things,74.1,Cash,Walmart,treat yourself 💅
10-06-2025,Main Character Energy,143,Online,Coursera,oops 😭
11-06-2025,Adulting Things,124.51,Cash,Gym,treat yourself 💅
11-06-2025,Productivity Era,13.64,Cash,Zara,oops 😭
12-06-2025,Main Character Energy,99.22,Cash,Boba Guys,ugh adulting 😭
12-06-2025,Adulting Things,105.82,Online,Amazon,oops 😭
13-06-2025,Adulting Things,172.72,Cash,McDonald's,oops 😭
13-06-2025,Main Character Energy,270.52,Cash,Rent,oops 😭
13-06-2025,Main Character Energy,175.66,Cash,Shein,ugh adulting 😭
13-06-2025,Adulting Things,146.02,Cash,TikTok Shop,treat yourself 💅
13-06-2025,Adulting Things,203.71,Cash,Coursera,felt cute might delete 🫶
14-06-2025,Adulting Things,137.98,Online,McDonald's,oops 😭
14-06-2025,Main Character Energy,210.27,Cash,Spotify,felt cute might delete 🫶
15-06-2025,Main Character Energy,67.49,Cash,Walmart,ugh adulting 😭
15-06-2025,Main Character Energy,281.51,Cash,Boba Guys,treat yourself 💅
15-06-2025,Adulting Things,292.08,Cash,Rent,treat yourself 💅
16-06-2025,Main Character Energy,233.62,Online,Movie Ticket,treat yourself 💅
16-06-2025,Adulting Things,271.84,Cash,TikTok Shop,oops 😭
17-06-2025,Adulting Things,238.4,Online,Coursera,ugh adulting 😭
17-06-2025,Main Character Energy,266.84,Online,Notion,oops 😭
18-06-2025,Main Character Energy,283.15,Online,Boba Guys,ugh adulting 😭
18-06-2025,Productivity Era,103.19,Cash,Zara,felt cute might delete 🫶
18-06-2025,Productivity Era,56.38,Online,Spotify,felt cute might delete 🫶
19-06-2025,Main Character Energy,45.57,Cash,Starbucks,oops 😭
19-06-2025,Productivity Era,66.66,Cash,Coursera,oops 😭
19-06-2025,Main Character Energy,168.9,Online,Zara,treat yourself 💅
19-06-2025,Adulting Things,237.8,Online,Shein,felt cute might delete 🫶
19-06-2025,Productivity Era,128.78,Cash,Rent,felt cute might delete 🫶
20-06-2025,Main Character Energy,89.91,Online,Gym,oops 😭
20-06-2025,Adulting Things,245.83,Online,Walmart,felt cute might delete 🫶
20-06-2025,Productivity Era,256.89,Cash,Shein,treat yourself 💅
21-06-2025,Productivity Era,71.84,Cash,Boba Guys,oops 😭
21-06-2025,Adulting Things,140.8,Online,McDonald's,oops 😭
21-06-2025,Productivity Era,93.81,Cash,Walmart,felt cute might delete 🫶
22-06-2025,Main Character Energy,251.79,Online,Zara,treat yourself 💅
23-06-2025,Adulting Things,187.02,Cash,Walmart,oops 😭
23-06-2025,Adulting Things,260.33,Online,Apple,treat yourself 💅
24-06-2025,Main Character Energy,28.8,Online,Starbucks,treat yourself 💅
24-06-2025,Productivity Era,139.57,Online,Shein,ugh adulting 😭
25-06-2025,Productivity Era,254.87,Cash,Amazon,ugh adulting 😭
25-06-2025,Adulting Things,40.21,Cash,Gym,treat yourself 💅
25-06-2025,Main Character Energy,279.94,Online,TikTok Shop,treat yourself 💅
26-06-2025,Productivity Era,162.61,Cash,Gym,oops 😭
26-06-2025,Adulting Things,78.2,Online,Gym,ugh adulting 😭
27-06-2025,Adulting Things,172.48,Online,Walmart,treat yourself 💅
27-06-2025,Productivity Era,196.76,Cash,Starbucks,oops 😭
28-06-2025,Adulting Things,215,Cash,Amazon,treat yourself 💅
28-06-2025,Productivity Era,264.44,Cash,TikTok Shop,treat yourself 💅
28-06-2025,Productivity Era,160.5,Cash,Rent,treat yourself 💅
28-06-2025,Productivity Era,37.84,Online,Apple,ugh adulting 😭
29-06-2025,Productivity Era,272.51,Online,Zara,felt cute might delete 🫶
29-06-2025,Main Character Energy,215.29,Online,Walmart,oops 😭
29-06-2025,Productivity Era,197.97,Online,TikTok Shop,ugh adulting 😭
29-06-2025,Main Character Energy,243.04,Cash,Shein,ugh adulting 😭
30-06-2025,Productivity Era,280.91,Online,Movie Ticket,oops 😭
30-06-2025,Adulting Things,235.43,Cash,Spotify,ugh adulting 😭
30-06-2025,Main Character Energy,43.63,Cash,Zara,ugh adulting 😭
30-06-2025,Main Character Energy,191.09,Cash,Spotify,felt cute might delete 🫶
01-07-2025,Productivity Era,259.28,Online,Movie Ticket,oops 😭
01-07-2025,Adulting Things,30.54,Online,Movie Ticket,felt cute might delete 🫶
01-07-2025,Adulting Things,62.53,Cash,Spotify,treat yourself 💅
02-07-2025,Main Character Energy,173.73,Cash,Apple,treat yourself 💅
02-07-2025,Main Character Energy,133.49,Cash,Starbucks,ugh adulting 😭
02-07-2025,Adulting Things,60.72,Cash,Notion,ugh adulting 😭
02-07-2025,Productivity Era,255.66,Cash,Movie Ticket,oops 😭
03-07-2025,Productivity Era,126.18,Online,Zara,felt cute might delete 🫶
03-07-2025,Main Character Energy,120.31,Online,Boba Guys,treat yourself 💅
03-07-2025,Main Character Energy,190.95,Online,Rent,felt cute might delete 🫶
04-07-2025,Productivity Era,128.41,Cash,TikTok Shop,ugh adulting 😭
04-07-2025,Productivity Era,299.45,Cash,Gym,oops 😭
04-07-2025,Productivity Era,287.29,Online,Amazon,oops 😭
04-07-2025,Main Character Energy,10.76,Online,Shein,oops 😭
05-07-2025,Productivity Era,296.89,Cash,Walmart,felt cute might delete 🫶
06-07-2025,Productivity Era,217.45,Cash,Notion,treat yourself 💅
06-07-2025,Adulting Things,215.12,Cash,Apple,ugh adulting 😭
06-07-2025,Productivity Era,254.55,Cash,Coursera,felt cute might delete 🫶
06-07-2025,Adulting Things,269.28,Cash,Amazon,ugh adulting 😭
06-07-2025,Adulting Things,152.68,Cash,Movie Ticket,treat yourself 💅
07-07-2025,Productivity Era,47.31,Online,Gym,felt cute might delete 🫶
07-07-2025,Main Character Energy,79.33,Online,Notion,oops 😭
07-07-2025,Productivity Era,51.8,Cash,Shein,oops 😭
07-07-2025,Main Character Energy,258.24,Cash,Coursera,ugh adulting 😭
08-07-2025,Productivity Era,135.09,Cash,Walmart,oops 😭
08-07-2025,Productivity Era,73.59,Cash,Shein,oops 😭
09-07-2025,Productivity Era,28.55,Cash,Starbucks,oops 😭
09-07-2025,Main Character Energy,258.95,Cash,Boba Guys,oops 😭
09-07-2025,Productivity Era,57.8,Cash,Notion,ugh adulting 😭
09-07-2025,Adulting Things,103.49,Online,Boba Guys,treat yourself 💅
10-07-2025,Productivity Era,166,Cash,Notion,oops 😭
10-07-2025,Adulting Things,280.53,Online,Apple,ugh adulting 😭
10-07-2025,Productivity Era,157.15,Cash,Spotify,treat yourself 💅
10-07-2025,Adulting Things,141.4,Online,Walmart,felt cute might delete 🫶
10-07-2025,Adulting Things,163.21,Online,Starbucks,ugh adulting 😭
11-07-2025,Productivity Era,216.52,Cash,Movie Ticket,treat yourself 💅
11-07-2025,Main Character Energy,58.46,Online,TikTok Shop,oops 😭
11-07-2025,Productivity Era,173.94,Online,Boba Guys,treat yourself 💅
12-07-2025,Main Character Energy,245.02,Online,Boba Guys,felt cute might delete 🫶
12-07-2025,Main Character Energy,205.45,Cash,Starbucks,oops 😭
12-07-2025,Adulting Things,114.94,Cash,Gym,treat yourself 💅
12-07-2025,Adulting Things,265.85,Online,Zara,treat yourself 💅
12-07-2025,Main Character Energy,288.67,Cash,Apple,oops 😭
13-07-2025,Main Character Energy,197.55,Cash,Amazon,felt cute might delete 🫶
13-07-2025,Main Character Energy,38.17,Cash,Starbucks,oops 😭
14-07-2025,Productivity Era,140.05,Online,Coursera,felt cute might delete 🫶
14-07-2025,Adulting Things,186.3,Online,Apple,treat yourself 💅
15-07-2025,Adulting Things,223.93,Cash,Rent,felt cute might delete 🫶
15-07-2025,Productivity Era,203.69,Cash,McDonald's,ugh adulting 😭
16-07-2025,Adulting Things,230.78,Online,McDonald's,felt cute might delete 🫶
16-07-2025,Main Character Energy,153.95,Online,TikTok Shop,treat yourself 💅
16-07-2025,Adulting Things,288.36,Online,Amazon,oops 😭
17-07-2025,Productivity Era,170.87,Cash,Gym,oops 😭
17-07-2025,Main Character Energy,118.66,Online,Rent,treat yourself 💅
17-07-2025,Productivity Era,97.06,Cash,Boba Guys,treat yourself 💅
17-07-2025,Main Character Energy,48.94,Online,Amazon,oops 😭
17-07-2025,Main Character Energy,143.18,Online,TikTok Shop,ugh adulting 😭
18-07-2025,Adulting Things,61.77,Cash,Movie Ticket,treat yourself 💅
18-07-2025,Adulting Things,64.17,Online,Amazon,ugh adulting 😭
18-07-2025,Adulting Things,67.56,Online,Amazon,felt cute might delete 🫶
18-07-2025,Main Character Energy,5.8,Online,Coursera,felt cute might delete 🫶
18-07-2025,Adulting Things,291.3,Cash,Gym,ugh adulting 😭
19-07-2025,Productivity Era,24.11,Cash,Apple,treat yourself 💅
19-07-2025,Adulting Things,127.39,Cash,McDonald's,oops 😭
19-07-2025,Main Character Energy,44.39,Online,Shein,treat yourself 💅
19-07-2025,Main Character Energy,170.11,Cash,Gym,ugh adulting 😭
20-07-2025,Main Character Energy,139.07,Cash,TikTok Shop,felt cute might delete 🫶
20-07-2025,Adulting Things,13.52,Online,TikTok Shop,oops 😭
20-07-2025,Adulting Things,18.25,Cash,Movie Ticket,ugh adulting 😭
20-07-2025,Productivity Era,208.29,Online,Apple,oops 😭
21-07-2025,Productivity Era,18.69,Online,Movie Ticket,felt cute might delete 🫶
21-07-2025,Productivity Era,216.79,Cash,Zara,felt cute might delete 🫶
21-07-2025,Adulting Things,140.71,Online,Movie Ticket,oops 😭
22-07-2025,Adulting Things,150.13,Online,Walmart,oops 😭
22-07-2025,Productivity Era,84.28,Cash,Apple,ugh adulting 😭
22-07-2025,Adulting Things,200.92,Online,Walmart,oops 😭
23-07-2025,Main Character Energy,134.2,Online,Walmart,treat yourself 💅
23-07-2025,Main Character Energy,128.87,Cash,Spotify,felt cute might delete 🫶
23-07-2025,Main Character Energy,274.61,Online,TikTok Shop,felt cute might delete 🫶
23-07-2025,Productivity Era,122.3,Cash,McDonald's,ugh adulting 😭
23-07-2025,Productivity Era,141.41,Online,Rent,oops 😭
24-07-2025,Main Character Energy,225.05,Cash,McDonald's,ugh adulting 😭
25-07-2025,Adulting Things,43.47,Cash,Gym,oops 😭
26-07-2025,Productivity Era,100.05,Cash,Gym,ugh adulting 😭
26-07-2025,Adulting Things,93.22,Cash,Notion,oops 😭
26-07-2025,Productivity Era,93.05,Online,Starbucks,ugh adulting 😭
26-07-2025,Productivity Era,34.1,Online,Zara,felt cute might delete 🫶
27-07-2025,Main Character Energy,106.72,Online,McDonald's,oops 😭
28-07-2025,Main Character Energy,290.37,Cash,Boba Guys,ugh adulting 😭
28-07-2025,Productivity Era,132.92,Cash,Coursera,felt cute might delete 🫶
28-07-2025,Productivity Era,283.42,Cash,TikTok Shop,felt cute might delete 🫶
28-07-2025,Adulting Things,240.82,Online,Movie Ticket,ugh adulting 😭
29-07-2025,Adulting Things,258.31,Online,Amazon,felt cute might delete 🫶
29-07-2025,Main Character Energy,193.37,Cash,Notion,treat yourself 💅
30-07-2025,Productivity Era,279.98,Online,Apple,oops 😭
30-07-2025,Main Character Energy,34.91,Cash,Coursera,ugh adulting 😭
30-07-2025,Productivity Era,22.63,Cash,Movie Ticket,treat yourself 💅
30-07-2025,Adulting Things,168.5,Online,Notion,treat yourself 💅
31-07-2025,Adulting Things,137.41,Online,Boba Guys,oops 😭
31-07-2025,Adulting Things,62.4,Cash,Starbucks,ugh adulting 😭
31-07-2025,Adulting Things,88.48,Cash,Amazon,treat yourself 💅
01-08-2025,Adulting Things,282.04,Online,Zara,oops 😭
01-08-2025,Main Character Energy,44.65,Online,Zara,treat yourself 💅
02-08-2025,Adulting Things,298.66,Online,Coursera,treat yourself 💅
02-08-2025,Productivity Era,129.13,Cash,Rent,felt cute might delete 🫶
02-08-2025,Adulting Things,189.33,Online,Gym,felt cute might delete 🫶
02-08-2025,Main Character Energy,72.42,Cash,Coursera,felt cute might delete 🫶
02-08-2025,Productivity Era,267.42,Online,Gym,felt cute might delete 🫶
03-08-2025,Productivity Era,32.06,Cash,Apple,ugh adulting 😭
03-08-2025,Adulting Things,68.72,Online,Boba Guys,treat yourself 💅
03-08-2025,Adulting Things,236.76,Cash,Boba Guys,treat yourself 💅
03-08-2025,Productivity Era,120.7,Cash,Amazon,oops 😭
03-08-2025,Main Character Energy,111.81,Online,Starbucks,treat yourself 💅
04-08-2025,Adulting Things,274.56,Cash,Gym,ugh adulting 😭
04-08-2025,Productivity Era,195.58,Cash,Walmart,oops 😭
04-08-2025,Main Character Energy,77.24,Cash,Coursera,oops 😭
05-08-2025,Adulting Things,40.86,Cash,Boba Guys,felt cute might delete 🫶
05-08-2025,Adulting Things,269.71,Online,Coursera,ugh adulting 😭
05-08-2025,Adulting Things,104.31,Cash,Gym,ugh adulting 😭
05-08-2025,Main Character Energy,193.92,Online,TikTok Shop,felt cute might delete 🫶
06-08-2025,Main Character Energy,258.43,Online,McDonald's,felt cute might delete 🫶
06-08-2025,Productivity Era,164.47,Cash,Coursera,treat yourself 💅
06-08-2025,Productivity Era,80.76,Online,Walmart,oops 😭
06-08-2025,Productivity Era,92.13,Online,Zara,oops 😭
06-08-2025,Adulting Things,167.48,Online,Spotify,ugh adulting 😭
07-08-2025,Productivity Era,45.2,Online,Apple,ugh adulting 😭
07-08-2025,Productivity Era,211.5,Cash,Spotify,felt cute might delete 🫶
07-08-2025,Main Character Energy,79.67,Cash,TikTok Shop,ugh adulting 😭
07-08-2025,Adulting Things,138.36,Online,Notion,ugh adulting 😭
07-08-2025,Adulting Things,185.94,Cash,Gym,felt cute might delete 🫶
08-08-2025,Adulting Things,38.06,Cash,Spotify,felt cute might delete 🫶
08-08-2025,Main Character Energy,122.72,Cash,TikTok Shop,ugh adulting 😭
08-08-2025,Main Character Energy,38.75,Cash,Spotify,treat yourself 💅
08-08-2025,Main Character Energy,289.75,Cash,TikTok Shop,treat yourself 💅
09-08-2025,Adulting Things,23.37,Cash,McDonald's,oops 😭
09-08-2025,Productivity Era,71.72,Cash,Starbucks,oops 😭
10-08-2025,Main Character Energy,139.4,Cash,Walmart,ugh adulting 😭
10-08-2025,Main Character Energy,54.35,Cash,TikTok Shop,ugh adulting 😭
10-08-2025,Productivity Era,174.92,Cash,Coursera,oops 😭
10-08-2025,Productivity Era,97.05,Online,Spotify,treat yourself 💅
11-08-2025,Productivity Era,136.99,Cash,Rent,ugh adulting 😭
11-08-2025,Productivity Era,83.51,Online,Zara,felt cute might delete 🫶
11-08-2025,Productivity Era,162.6,Cash,Apple,oops 😭
12-08-2025,Productivity Era,279.09,Cash,McDonald's,felt cute might delete 🫶
12-08-2025,Productivity Era,39.02,Online,Amazon,treat yourself 💅
12-08-2025,Adulting Things,65.41,Cash,Notion,oops 😭
13-08-2025,Main Character Energy,261.69,Online,Starbucks,ugh adulting 😭
13-08-2025,Productivity Era,155.37,Cash,Movie Ticket,treat yourself 💅
13-08-2025,Main Character Energy,179.04,Online,Amazon,ugh adulting 😭
13-08-2025,Productivity Era,171,Cash,Gym,felt cute might delete 🫶
14-08-2025,Adulting Things,185.08,Online,Amazon,felt cute might delete 🫶
15-08-2025,Adulting Things,276.35,Online,Notion,oops 😭
16-08-2025,Productivity Era,87.45,Cash,Movie Ticket,felt cute might delete 🫶
17-08-2025,Adulting Things,143.97,Cash,Rent,ugh adulting 😭
17-08-2025,Adulting Things,90.56,Online,Rent,felt cute might delete 🫶
17-08-2025,Adulting Things,11.73,Cash,Zara,ugh adulting 😭
17-08-2025,Productivity Era,99.55,Online,Apple,oops 😭
18-08-2025,Productivity Era,129.85,Online,Zara,oops 😭
18-08-2025,Adulting Things,25.33,Online,Coursera,treat yourself 💅
18-08-2025,Adulting Things,10.02,Cash,Apple,treat yourself 💅
18-08-2025,Main Character Energy,252.78,Cash,Zara,treat yourself 💅
19-08-2025,Productivity Era,256.34,Cash,TikTok Shop,ugh adulting 😭
19-08-2025,Adulting Things,34.49,Online,Apple,oops 😭
19-08-2025,Adulting Things,237.37,Cash,Zara,treat yourself 💅
20-08-2025,Adulting Things,6.87,Online,Walmart,oops 😭
20-08-2025,Main Character Energy,146.7,Online,Coursera,felt cute might delete 🫶
20-08-2025,Adulting Things,180.17,Online,Spotify,felt cute might delete 🫶
21-08-2025,Main Character Energy,66.73,Cash,Amazon,ugh adulting 😭
21-08-2025,Main Character Energy,18.45,Cash,Gym,treat yourself 💅
22-08-2025,Productivity Era,24.31,Cash,Notion,oops 😭
22-08-2025,Main Character Energy,20.13,Cash,Amazon,oops 😭
23-08-2025,Productivity Era,20.5,Online,Walmart,oops 😭
23-08-2025,Main Character Energy,281.38,Online,Apple,felt cute might delete 🫶
24-08-2025,Productivity Era,34.69,Online,Zara,ugh adulting 😭
24-08-2025,Main Character Energy,286.99,Cash,Apple,ugh adulting 😭
24-08-2025,Adulting Things,252.61,Cash,Gym,felt cute might delete 🫶
25-08-2025,Main Character Energy,25.33,Cash,Coursera,felt cute might delete 🫶
26-08-2025,Productivity Era,230.4,Online,Starbucks,felt cute might delete 🫶
27-08-2025,Adulting Things,225.26,Online,Spotify,oops 😭
27-08-2025,Main Character Energy,291.73,Cash,Movie Ticket,treat yourself 💅
28-08-2025,Main Character Energy,292.12,Cash,Apple,oops 😭
28-08-2025,Main Character Energy,76.16,Cash,Rent,oops 😭
29-08-2025,Main Character Energy,171.99,Cash,Starbucks,ugh adulting 😭
29-08-2025,Main Character Energy,89.72,Cash,Walmart,oops 😭
29-08-2025,Productivity Era,268.19,Cash,Amazon,oops 😭
29-08-2025,Main Character Energy,114.04,Cash,Boba Guys,ugh adulting 😭
29-08-2025,Main Character Energy,51.66,Cash,Gym,ugh adulting 😭
30-08-2025,Adulting Things,42.42,Online,Walmart,felt cute might delete 🫶
30-08-2025,Productivity Era,269.57,Cash,Notion,treat yourself 💅
30-08-2025,Productivity Era,137.67,Cash,Notion,oops 😭
30-08-2025,Main Character Energy,221.18,Cash,McDonald's,treat yourself 💅
31-08-2025,Adulting Things,189.31,Cash,Coursera,treat yourself 💅
31-08-2025,Productivity Era,147.04,Cash,Notion,ugh adulting 😭
31-08-2025,Main Character Energy,257.4,Online,Rent,ugh adulting 😭
01-09-2025,Adulting Things,138.52,Online,Walmart,oops 😭
01-09-2025,Productivity Era,30.6,Online,TikTok Shop,ugh adulting 😭
01-09-2025,Main Character Energy,289.57,Online,McDonald's,ugh adulting 😭
01-09-2025,Adulting Things,62.71,Online,Rent,treat yourself 💅
01-09-2025,Productivity Era,177.78,Cash,Apple,oops 😭
02-09-2025,Adulting Things,33.2,Online,Starbucks,oops 😭
02-09-2025,Main Character Energy,30.11,Online,Rent,oops 😭
02-09-2025,Main Character Energy,111.07,Online,Walmart,treat yourself 💅
02-09-2025,Productivity Era,153.81,Online,Gym,oops 😭
03-09-2025,Main Character Energy,184.19,Online,Apple,oops 😭
03-09-2025,Productivity Era,65.08,Online,Apple,ugh adulting 😭
03-09-2025,Main Character Energy,51.8,Cash,TikTok Shop,felt cute might delete 🫶
04-09-2025,Main Character Energy,241.42,Cash,Apple,ugh adulting 😭
04-09-2025,Main Character Energy,21.08,Cash,Rent,oops 😭
04-09-2025,Productivity Era,177.18,Cash,Spotify,ugh adulting 😭
05-09-2025,Productivity Era,13.8,Cash,Zara,felt cute might delete 🫶
06-09-2025,Productivity Era,57.22,Cash,Shein,ugh adulting 😭
07-09-2025,Productivity Era,261.05,Cash,Rent,oops 😭
08-09-2025,Productivity Era,110.16,Online,Apple,oops 😭
08-09-2025,Main Character Energy,5.42,Cash,Amazon,oops 😭
08-09-2025,Adulting Things,213.13,Cash,Spotify,ugh adulting 😭
09-09-2025,Productivity Era,218.79,Online,Amazon,oops 😭
09-09-2025,Adulting Things,78.96,Cash,Gym,felt cute might delete 🫶
10-09-2025,Adulting Things,159.88,Cash,TikTok Shop,ugh adulting 😭
10-09-2025,Productivity Era,123.32,Online,Apple,oops 😭
10-09-2025,Productivity Era,243.02,Online,Rent,treat yourself 💅
10-09-2025,Main Character Energy,135.86,Online,Shein,oops 😭
11-09-2025,Main Character Energy,49.6,Online,Spotify,felt cute might delete 🫶
11-09-2025,Productivity Era,223.93,Cash,Amazon,felt cute might delete 🫶
11-09-2025,Productivity Era,287.57,Cash,Coursera,treat yourself 💅
11-09-2025,Adulting Things,70.63,Online,Gym,oops 😭
12-09-2025,Main Character Energy,100.89,Online,Zara,felt cute might delete 🫶
12-09-2025,Adulting Things,30.78,Online,Zara,felt cute might delete 🫶
13-09-2025,Productivity Era,107.04,Cash,Rent,oops 😭
13-09-2025,Productivity Era,248.06,Online,Notion,felt cute might delete 🫶
14-09-2025,Main Character Energy,66.66,Online,Starbucks,felt cute might delete 🫶
14-09-2025,Productivity Era,75.46,Cash,Gym,treat yourself 💅
14-09-2025,Main Character Energy,259.57,Cash,Apple,ugh adulting 😭
14-09-2025,Productivity Era,74.22,Cash,Gym,oops 😭
15-09-2025,Adulting Things,193.85,Cash,Walmart,ugh adulting 😭
15-09-2025,Adulting Things,279.76,Online,Walmart,felt cute might delete 🫶
16-09-2025,Main Character Energy,143.91,Online,Spotify,felt cute might delete 🫶
16-09-2025,Main Character Energy,153.47,Cash,Boba Guys,treat yourself 💅
17-09-2025,Main Character Energy,238.01,Online,Apple,treat yourself 💅
17-09-2025,Main Character Energy,31.36,Online,Zara,felt cute might delete 🫶
18-09-2025,Productivity Era,212.72,Online,McDonald's,ugh adulting 😭
18-09-2025,Main Character Energy,178.34,Cash,Notion,treat yourself 💅
19-09-2025,Adulting Things,294.76,Cash,Amazon,oops 😭
19-09-2025,Productivity Era,258.37,Online,Spotify,ugh adulting 😭
20-09-2025,Main Character Energy,261.7,Cash,Boba Guys,felt cute might delete 🫶
20-09-2025,Productivity Era,254.29,Online,Notion,oops 😭
20-09-2025,Adulting Things,161.45,Online,TikTok Shop,treat yourself 💅
21-09-2025,Adulting Things,91.07,Cash,TikTok Shop,oops 😭
21-09-2025,Productivity Era,172.16,Online,Starbucks,felt cute might delete 🫶
22-09-2025,Productivity Era,186.56,Cash,Notion,ugh adulting 😭
22-09-2025,Productivity Era,69.25,Cash,McDonald's,treat yourself 💅
22-09-2025,Adulting Things,41.64,Cash,Spotify,treat yourself 💅
23-09-2025,Adulting Things,238.42,Cash,Notion,oops 😭
23-09-2025,Main Character Energy,288.62,Cash,Rent,treat yourself 💅
23-09-2025,Main Character Energy,282.92,Cash,Rent,felt cute might delete 🫶
23-09-2025,Productivity Era,191.23,Online,Notion,ugh adulting 😭
24-09-2025,Adulting Things,142.4,Cash,Gym,treat yourself 💅
24-09-2025,Adulting Things,127.12,Online,Coursera,oops 😭
25-09-2025,Productivity Era,60.61,Online,Spotify,felt cute might delete 🫶
25-09-2025,Main Character Energy,136.85,Cash,Movie Ticket,ugh adulting 😭
25-09-2025,Main Character Energy,299.03,Online,Shein,oops 😭
25-09-2025,Adulting Things,274.2,Cash,Walmart,oops 😭
26-09-2025,Productivity Era,160.04,Cash,Walmart,felt cute might delete 🫶
26-09-2025,Productivity Era,119.33,Cash,Zara,oops 😭
27-09-2025,Productivity Era,233.16,Online,McDonald's,felt cute might delete 🫶
27-09-2025,Main Character Energy,37.17,Cash,Walmart,oops 😭
27-09-2025,Productivity Era,232.26,Online,Apple,felt cute might delete 🫶
27-09-2025,Adulting Things,126.42,Cash,Zara,oops 😭
28-09-2025,Main Character Energy,132.06,Online,Walmart,ugh adulting 😭
28-09-2025,Adulting Things,256.22,Cash,Apple,treat yourself 💅
28-09-2025,Main Character Energy,240.85,Cash,Spotify,ugh adulting 😭
28-09-2025,Productivity Era,116.04,Cash,Zara,treat yourself 💅
28-09-2025,Adulting Things,70.5,Cash,Walmart,oops 😭
29-09-2025,Adulting Things,267.89,Cash,Apple,felt cute might delete 🫶
29-09-2025,Adulting Things,262.67,Online,Apple,treat yourself 💅
29-09-2025,Main Character Energy,156.74,Online,Apple,treat yourself 💅
29-09-2025,Adulting Things,258.82,Online,Walmart,treat yourself 💅
30-09-2025,Adulting Things,9.51,Cash,Coursera,treat yourself 💅
30-09-2025,Main Character Energy,21.74,Cash,Shein,oops 😭
01-10-2025,Productivity Era,27.3,Cash,Notion,felt cute might delete 🫶
01-10-2025,Productivity Era,76.16,Cash,Coursera,oops 😭
01-10-2025,Adulting Things,164.56,Cash,Notion,treat yourself 💅
01-10-2025,Adulting Things,233.37,Online,Rent,ugh adulting 😭
01-10-2025,Adulting Things,190.31,Cash,Shein,ugh adulting 😭
02-10-2025,Adulting Things,103.94,Cash,Gym,oops 😭
02-10-2025,Adulting Things,186.42,Cash,Walmart,treat yourself 💅
02-10-2025,Adulting Things,244.38,Cash,TikTok Shop,oops 😭
02-10-2025,Adulting Things,31.03,Cash,Movie Ticket,felt cute might delete 🫶
02-10-2025,Adulting Things,255.41,Online,Movie Ticket,treat yourself 💅
03-10-2025,Main Character Energy,163.29,Online,Spotify,oops 😭
03-10-2025,Adulting Things,161.07,Online,Gym,treat yourself 💅
03-10-2025,Main Character Energy,220.85,Cash,Amazon,ugh adulting 😭
04-10-2025,Adulting Things,25.3,Online,Zara,oops 😭
04-10-2025,Adulting Things,271.68,Cash,Amazon,felt cute might delete 🫶
05-10-2025,Adulting Things,287.93,Cash,Movie Ticket,oops 😭
05-10-2025,Main Character Energy,220.6,Cash,Rent,felt cute might delete 🫶
05-10-2025,Adulting Things,292.9,Cash,Coursera,ugh adulting 😭
05-10-2025,Productivity Era,14.26,Cash,Amazon,oops 😭
05-10-2025,Adulting Things,210.6,Cash,Movie Ticket,ugh adulting 😭
06-10-2025,Productivity Era,184.41,Online,Starbucks,oops 😭
07-10-2025,Main Character Energy,293.56,Online,Boba Guys,felt cute might delete 🫶
07-10-2025,Adulting Things,68.94,Online,Gym,treat yourself 💅
07-10-2025,Adulting Things,235.81,Online,Spotify,oops 😭
07-10-2025,Productivity Era,215.26,Cash,Rent,ugh adulting 😭
08-10-2025,Adulting Things,22.26,Cash,Spotify,oops 😭
08-10-2025,Main Character Energy,294.39,Online,Boba Guys,treat yourself 💅
08-10-2025,Main Character Energy,254.92,Cash,Spotify,ugh adulting 😭
09-10-2025,Adulting Things,76.54,Cash,Shein,felt cute might delete 🫶
09-10-2025,Productivity Era,287.79,Online,Amazon,ugh adulting 😭
09-10-2025,Main Character Energy,23.81,Cash,McDonald's,ugh adulting 😭
09-10-2025,Productivity Era,23.96,Online,Starbucks,felt cute might delete 🫶
10-10-2025,Productivity Era,66,Online,Zara,felt cute might delete 🫶
10-10-2025,Adulting Things,166.2,Online,Gym,treat yourself 💅
11-10-2025,Main Character Energy,115,Online,Walmart,felt cute might delete 🫶
11-10-2025,Adulting Things,153.33,Cash,Walmart,felt cute might delete 🫶
12-10-2025,Main Character Energy,87.89,Cash,Notion,treat yourself 💅
12-10-2025,Productivity Era,280.07,Online,Walmart,ugh adulting 😭
12-10-2025,Main Character Energy,229.7,Cash,Notion,oops 😭
12-10-2025,Productivity Era,256.97,Online,Rent,felt cute might delete 🫶
13-10-2025,Main Character Energy,120.08,Online,Notion,felt cute might delete 🫶
14-10-2025,Main Character Energy,68.5,Cash,TikTok Shop,oops 😭
14-10-2025,Main Character Energy,225.46,Online,Movie Ticket,felt cute might delete 🫶
14-10-2025,Main Character Energy,151.61,Online,Spotify,oops 😭
14-10-2025,Main Character Energy,213.15,Online,McDonald's,oops 😭
15-10-2025,Adulting Things,165.87,Online,Shein,treat yourself 💅
15-10-2025,Adulting Things,223.77,Online,Boba Guys,treat yourself 💅
16-10-2025,Main Character Energy,6.22,Cash,Walmart,ugh adulting 😭
16-10-2025,Productivity Era,75.12,Cash,Notion,treat yourself 💅
16-10-2025,Productivity Era,76.09,Online,Apple,treat yourself 💅
17-10-2025,Adulting Things,251,Online,Notion,oops 😭
17-10-2025,Adulting Things,237.43,Online,McDonald's,oops 😭
17-10-2025,Adulting Things,37.51,Online,Walmart,ugh adulting 😭
18-10-2025,Productivity Era,86,Cash,Shein,oops 😭
19-10-2025,Productivity Era,52.55,Cash,Spotify,treat yourself 💅
19-10-2025,Productivity Era,262.21,Cash,Walmart,oops 😭
19-10-2025,Productivity Era,107.37,Online,Zara,treat yourself 💅
19-10-2025,Adulting Things,287.16,Cash,Apple,felt cute might delete 🫶
19-10-2025,Productivity Era,218.97,Cash,Zara,felt cute might delete 🫶
20-10-2025,Main Character Energy,297.76,Online,Coursera,felt cute might delete 🫶
20-10-2025,Adulting Things,298.31,Cash,Rent,ugh adulting 😭
20-10-2025,Adulting Things,251.23,Online,McDonald's,oops 😭
20-10-2025,Productivity Era,237.87,Online,Amazon,felt cute might delete 🫶
21-10-2025,Productivity Era,117.87,Online,Gym,oops 😭
21-10-2025,Productivity Era,87.48,Online,Amazon,ugh adulting 😭
21-10-2025,Main Character Energy,84.56,Online,Movie Ticket,treat yourself 💅
21-10-2025,Adulting Things,145.52,Online,Rent,treat yourself 💅
22-10-2025,Adulting Things,138.7,Online,Apple,felt cute might delete 🫶
22-10-2025,Adulting Things,74.16,Cash,Spotify,oops 😭
22-10-2025,Main Character Energy,207.31,Online,Gym,treat yourself 💅
22-10-2025,Main Character Energy,109.13,Online,Apple,oops 😭
23-10-2025,Productivity Era,295.78,Online,Movie Ticket,treat yourself 💅
23-10-2025,Productivity Era,62.87,Cash,Amazon,oops 😭
23-10-2025,Main Character Energy,259.14,Online,Notion,felt cute might delete 🫶
23-10-2025,Main Character Energy,236.49,Cash,Movie Ticket,ugh adulting 😭
23-10-2025,Productivity Era,269.84,Online,Shein,felt cute might delete 🫶
24-10-2025,Main Character Energy,30.59,Cash,Boba Guys,treat yourself 💅
25-10-2025,Main Character Energy,189.95,Cash,Walmart,ugh adulting 😭
25-10-2025,Productivity Era,249.49,Online,Starbucks,ugh adulting 😭
25-10-2025,Productivity Era,55.64,Cash,Movie Ticket,oops 😭
25-10-2025,Main Character Energy,142.06,Cash,Shein,treat yourself 💅
25-10-2025,Adulting Things,237.17,Cash,Walmart,oops 😭
26-10-2025,Adulting Things,295.73,Cash,Walmart,ugh adulting 😭
26-10-2025,Adulting Things,236.23,Online,Starbucks,felt cute might delete 🫶
27-10-2025,Adulting Things,231.64,Cash,Spotify,oops 😭
27-10-2025,Productivity Era,16.42,Cash,Zara,felt cute might delete 🫶
27-10-2025,Productivity Era,260.58,Online,Shein,treat yourself 💅
27-10-2025,Adulting Things,273.99,Cash,Gym,ugh adulting 😭
27-10-2025,Adulting Things,257.83,Cash,Notion,oops 😭
28-10-2025,Main Character Energy,197.13,Cash,Movie Ticket,ugh adulting 😭
28-10-2025,Adulting Things,187.95,Cash,Notion,treat yourself 💅
28-10-2025,Main Character Energy,117.34,Online,Spotify,ugh adulting 😭
28-10-2025,Main Character Energy,64.66,Cash,Spotify,oops 😭
28-10-2025,Productivity Era,90.57,Cash,TikTok Shop,felt cute might delete 🫶
29-10-2025,Main Character Energy,134.14,Online,Rent,ugh adulting 😭
30-10-2025,Adulting Things,25.92,Online,Shein,ugh adulting 😭
31-10-2025,Main Character Energy,203.28,Cash,Walmart,felt cute might delete 🫶
31-10-2025,Adulting Things,264.41,Online,Walmart,ugh adulting 😭
31-10-2025,Adulting Things,62.95,Online,Starbucks,ugh adulting 😭
31-10-2025,Main Character Energy,238,Online,Notion,oops 😭
01-11-2025,Productivity Era,61.43,Online,Coursera,oops 😭
01-11-2025,Main Character Energy,133.23,Cash,Starbucks,ugh adulting 😭
01-11-2025,Main Character Energy,245.45,Cash,Amazon,treat yourself 💅
01-11-2025,Main Character Energy,287.21,Cash,McDonald's,oops 😭
01-11-2025,Main Character Energy,116.23,Cash,Shein,oops 😭
02-11-2025,Main Character Energy,131.6,Cash,Rent,ugh adulting 😭
02-11-2025,Productivity Era,195.32,Cash,Amazon,ugh adulting 😭
02-11-2025,Main Character Energy,172.19,Online,Gym,felt cute might delete 🫶
02-11-2025,Main Character Energy,28.21,Cash,Gym,felt cute might delete 🫶
02-11-2025,Adulting Things,174.33,Cash,Spotify,felt cute might delete 🫶
03-11-2025,Productivity Era,61,Cash,McDonald's,oops 😭
04-11-2025,Adulting Things,183.49,Cash,TikTok Shop,ugh adulting 😭
04-11-2025,Productivity Era,70.13,Online,Rent,ugh adulting 😭
04-11-2025,Productivity Era,42.26,Cash,Movie Ticket,oops 😭
04-11-2025,Productivity Era,227.81,Online,Amazon,ugh adulting 😭
04-11-2025,Adulting Things,59.81,Cash,Starbucks,oops 😭
05-11-2025,Adulting Things,87.73,Cash,Zara,oops 😭
05-11-2025,Productivity Era,177.38,Online,Boba Guys,oops 😭
05-11-2025,Main Character Energy,62.1,Cash,Spotify,treat yourself 💅
06-11-2025,Main Character Energy,83.17,Online,Spotify,felt cute might delete 🫶
07-11-2025,Adulting Things,77.96,Cash,Apple,felt cute might delete 🫶
08-11-2025,Adulting Things,252.05,Online,Movie Ticket,felt cute might delete 🫶
08-11-2025,Adulting Things,161.74,Online,Zara,oops 😭
08-11-2025,Productivity Era,57.83,Cash,McDonald's,treat yourself 💅
09-11-2025,Adulting Things,29.3,Cash,Movie Ticket,ugh adulting 😭
09-11-2025,Adulting Things,184.67,Cash,TikTok Shop,oops 😭
10-11-2025,Productivity Era,54.47,Online,Starbucks,treat yourself 💅
10-11-2025,Productivity Era,275.79,Online,Rent,oops 😭
10-11-2025,Main Character Energy,20.91,Online,Boba Guys,treat yourself 💅
10-11-2025,Main Character Energy,274.7,Online,Spotify,treat yourself 💅
11-11-2025,Main Character Energy,148.14,Online,Gym,ugh adulting 😭
12-11-2025,Adulting Things,71.63,Cash,Gym,ugh adulting 😭
12-11-2025,Adulting Things,91.24,Online,Rent,ugh adulting 😭
12-11-2025,Adulting Things,199.11,Cash,Notion,treat yourself 💅
13-11-2025,Productivity Era,294.91,Online,Rent,ugh adulting 😭
13-11-2025,Main Character Energy,290.41,Online,Rent,ugh adulting 😭
13-11-2025,Productivity Era,6.29,Cash,Rent,felt cute might delete 🫶
14-11-2025,Main Character Energy,298.72,Cash,Coursera,oops 😭
14-11-2025,Adulting Things,62.45,Online,Boba Guys,felt cute might delete 🫶
14-11-2025,Productivity Era,174.01,Cash,Walmart,felt cute might delete 🫶
14-11-2025,Productivity Era,251.73,Online,McDonald's,felt cute might delete 🫶
14-11-2025,Main Character Energy,157.63,Cash,McDonald's,ugh adulting 😭
15-11-2025,Adulting Things,198.36,Online,Boba Guys,felt cute might delete 🫶
16-11-2025,Productivity Era,67.1,Cash,TikTok Shop,ugh adulting 😭
16-11-2025,Main Character Energy,286.42,Cash,Shein,felt cute might delete 🫶
16-11-2025,Productivity Era,248.62,Online,Apple,ugh adulting 😭
16-11-2025,Productivity Era,270.4,Online,TikTok Shop,treat yourself 💅
16-11-2025,Adulting Things,78.69,Online,Starbucks,ugh adulting 😭
17-11-2025,Productivity Era,93.99,Cash,TikTok Shop,ugh adulting 😭
17-11-2025,Main Character Energy,240.64,Online,Rent,felt cute might delete 🫶
17-11-2025,Adulting Things,235.31,Online,Movie Ticket,oops 😭
17-11-2025,Productivity Era,60.97,Cash,Gym,felt cute might delete 🫶
17-11-2025,Productivity Era,82.12,Cash,Starbucks,felt cute might delete 🫶
18-11-2025,Main Character Energy,236.43,Cash,Zara,ugh adulting 😭
18-11-2025,Main Character Energy,31.99,Online,Spotify,felt cute might delete 🫶
19-11-2025,Productivity Era,280.64,Online,Starbucks,ugh adulting 😭
19-11-2025,Main Character Energy,185.09,Online,McDonald's,felt cute might delete 🫶
20-11-2025,Main Character Energy,215.71,Cash,Walmart,oops 😭
21-11-2025,Main Character Energy,290.2,Online,Shein,oops 😭
21-11-2025,Adulting Things,54.19,Cash,Spotify,ugh adulting 😭
21-11-2025,Main Character Energy,105.65,Cash,Shein,treat yourself 💅
22-11-2025,Main Character Energy,289,Cash,Amazon,ugh adulting 😭
23-11-2025,Main Character Energy,166.37,Online,McDonald's,treat yourself 💅
23-11-2025,Main Character Energy,278.51,Cash,Gym,oops 😭
23-11-2025,Adulting Things,243.5,Online,Gym,treat yourself 💅
23-11-2025,Productivity Era,258.43,Online,Rent,felt cute might delete 🫶
24-11-2025,Productivity Era,21.6,Cash,Starbucks,oops 😭
24-11-2025,Main Character Energy,271.9,Cash,TikTok Shop,treat yourself 💅
25-11-2025,Main Character Energy,107.3,Online,Shein,felt cute might delete 🫶
25-11-2025,Productivity Era,234.78,Online,Apple,oops 😭
25-11-2025,Main Character Energy,115.17,Cash,McDonald's,oops 😭
25-11-2025,Adulting Things,214.98,Online,Movie Ticket,felt cute might delete 🫶
25-11-2025,Adulting Things,65.25,Online,Gym,felt cute might delete 🫶
26-11-2025,Productivity Era,221.91,Cash,Gym,felt cute might delete 🫶
26-11-2025,Adulting Things,61.85,Cash,Shein,oops 😭
26-11-2025,Main Character Energy,155.44,Cash,Boba Guys,treat yourself 💅
27-11-2025,Main Character Energy,124.32,Cash,Starbucks,oops 😭
27-11-2025,Adulting Things,139.97,Cash,Spotify,felt cute might delete 🫶
27-11-2025,Main Character Energy,214.99,Online,Starbucks,treat yourself 💅
27-11-2025,Productivity Era,142.84,Cash,McDonald's,treat yourself 💅
28-11-2025,Productivity Era,240.22,Online,Zara,felt cute might delete 🫶
28-11-2025,Main Character Energy,176.68,Online,Spotify,oops 😭
29-11-2025,Main Character Energy,210.19,Cash,Coursera,treat yourself 💅
30-11-2025,Main Character Energy,137.43,Online,McDonald's,ugh adulting 😭
01-12-2025,Main Character Energy,173.57,Online,Coursera,treat yourself 💅
01-12-2025,Adulting Things,265.33,Cash,Rent,ugh adulting 😭
01-12-2025,Adulting Things,158.39,Online,Zara,oops 😭
02-12-2025,Main Character Energy,164.99,Cash,Coursera,oops 😭
02-12-2025,Main Character Energy,210.93,Online,Starbucks,treat yourself 💅
02-12-2025,Adulting Things,114.26,Cash,McDonald's,treat yourself 💅
02-12-2025,Adulting Things,162.04,Cash,Spotify,ugh adulting 😭
02-12-2025,Adulting Things,76.14,Online,Coursera,oops 😭
03-12-2025,Adulting Things,288.48,Cash,Apple,treat yourself 💅
03-12-2025,Main Character Energy,76.92,Cash,Walmart,treat yourself 💅
03-12-2025,Productivity Era,295.73,Cash,Zara,oops 😭
04-12-2025,Adulting Things,97.66,Online,TikTok Shop,ugh adulting 😭
04-12-2025,Productivity Era,259.79,Cash,Rent,oops 😭
05-12-2025,Productivity Era,181.43,Cash,Movie Ticket,treat yourself 💅
05-12-2025,Main Character Energy,34.49,Cash,Rent,felt cute might delete 🫶
06-12-2025,Main Character Energy,96.64,Cash,Gym,oops 😭
07-12-2025,Productivity Era,166.98,Online,TikTok Shop,treat yourself 💅
08-12-2025,Adulting Things,288.87,Cash,Movie Ticket,felt cute might delete 🫶
08-12-2025,Adulting Things,238.96,Online,Notion,oops 😭
09-12-2025,Adulting Things,76.1,Online,Boba Guys,felt cute might delete 🫶
10-12-2025,Main Character Energy,63.69,Online,TikTok Shop,felt cute might delete 🫶
10-12-2025,Productivity Era,30.19,Cash,Boba Guys,ugh adulting 😭
10-12-2025,Productivity Era,271.43,Online,Zara,ugh adulting 😭
10-12-2025,Main Character Energy,108.01,Cash,Apple,oops 😭
11-12-2025,Main Character Energy,173.76,Online,Rent,treat yourself 💅
11-12-2025,Main Character Energy,286.76,Cash,Starbucks,oops 😭
11-12-2025,Main Character Energy,54.87,Online,Walmart,oops 😭
11-12-2025,Adulting Things,202.76,Cash,Gym,felt cute might delete 🫶
12-12-2025,Main Character Energy,153.34,Online,McDonald's,treat yourself 💅
12-12-2025,Main Character Energy,101.53,Cash,Gym,ugh adulting 😭
12-12-2025,Main Character Energy,239.71,Cash,Amazon,oops 😭
12-12-2025,Productivity Era,149,Online,Coursera,oops 😭
12-12-2025,Adulting Things,156.63,Online,Movie Ticket,ugh adulting 😭
13-12-2025,Productivity Era,202.51,Cash,Notion,oops 😭
13-12-2025,Productivity Era,291.83,Cash,Shein,treat yourself 💅
13-12-2025,Productivity Era,182.4,Cash,Rent,treat yourself 💅
13-12-2025,Adulting Things,208.74,Cash,Shein,oops 😭
14-12-2025,Productivity Era,219,Online,Walmart,ugh adulting 😭
14-12-2025,Main Character Energy,115.63,Online,McDonald's,treat yourself 💅
15-12-2025,Adulting Things,132.3,Cash,McDonald's,oops 😭
15-12-2025,Productivity Era,175.52,Online,TikTok Shop,ugh adulting 😭
15-12-2025,Adulting Things,170.35,Cash,Shein,treat yourself 💅
15-12-2025,Main Character Energy,92.34,Cash,Rent,ugh adulting 😭
15-12-2025,Adulting Things,197.35,Cash,Rent,treat yourself 💅
16-12-2025,Productivity Era,78.76,Online,Boba Guys,felt cute might delete 🫶
16-12-2025,Productivity Era,284.49,Online,TikTok Shop,oops 😭
16-12-2025,Productivity Era,154.69,Online,Amazon,ugh adulting 😭
17-12-2025,Productivity Era,208.68,Online,Rent,oops 😭
18-12-2025,Main Character Energy,74.66,Cash,Spotify,ugh adulting 😭
19-12-2025,Productivity Era,30.13,Online,Zara,treat yourself 💅
20-12-2025,Main Character Energy,26.28,Online,Rent,ugh adulting 😭
20-12-2025,Main Character Energy,166.13,Online,Shein,oops 😭
20-12-2025,Main Character Energy,224.52,Online,Starbucks,oops 😭
20-12-2025,Adulting Things,297.96,Cash,Amazon,ugh adulting 😭
21-12-2025,Productivity Era,253.43,Online,Gym,ugh adulting 😭
22-12-2025,Adulting Things,238.21,Cash,Notion,treat yourself 💅
22-12-2025,Main Character Energy,115.74,Online,Walmart,oops 😭
22-12-2025,Productivity Era,197.3,Cash,TikTok Shop,oops 😭
23-12-2025,Main Character Energy,44.84,Online,McDonald's,oops 😭
23-12-2025,Productivity Era,116.73,Cash,McDonald's,oops 😭
23-12-2025,Productivity Era,179.81,Online,Starbucks,oops 😭
24-12-2025,Adulting Things,195.75,Cash,Starbucks,felt cute might delete 🫶
24-12-2025,Productivity Era,96.59,Online,Apple,oops 😭
24-12-2025,Main Character Energy,232.89,Online,Spotify,felt cute might delete 🫶
24-12-2025,Adulting Things,110.44,Cash,Shein,felt cute might delete 🫶
25-12-2025,Productivity Era,23.34,Cash,McDonald's,oops 😭
25-12-2025,Productivity Era,178.95,Online,Shein,treat yourself 💅
26-12-2025,Adulting Things,163.64,Cash,Zara,oops 😭
26-12-2025,Adulting Things,248.45,Cash,Boba Guys,felt cute might delete 🫶
27-12-2025,Main Character Energy,120.56,Online,McDonald's,treat yourself 💅
28-12-2025,Productivity Era,75.08,Online,Walmart,ugh adulting 😭
28-12-2025,Adulting Things,13.67,Cash,Notion,ugh adulting 😭
28-12-2025,Main Character Energy,106.29,Online,Coursera,ugh adulting 😭
28-12-2025,Productivity Era,98.54,Cash,Coursera,treat yourself 💅
29-12-2025,Productivity Era,8.33,Cash,Walmart,oops 😭
29-12-2025,Productivity Era,8.66,Cash,Amazon,felt cute might delete 🫶
30-12-2025,Main Character Energy,191.62,Cash,Apple,treat yourself 💅
31-12-2025,Main Character Energy,62.85,Online,Apple,felt cute might delete 🫶
31-12-2025,Productivity Era,233.17,Cash,Walmart,treat yourself 💅
31-12-2025,Adulting Things,191.21,Online,Spotify,felt cute might delete 🫶
31-12-2025,Adulting Things,296.85,Online,Coursera,treat yourself 💅
31-12-2025,Main Character Energy,134.65,Online,Amazon,treat yourself 💅
